{"type":"FeatureCollection", "features": [
{"type":"Feature","geometry":{"type":"Point","coordinates":[108.47372399999995,34.07982600000003]},"properties":{"站长":"马力","站名":"蒋村镇保护站","上级机构":"秦岭生态环境保护站","电话":"19929099990","级别":"二级"}},
{"type":"Feature","geometry":{"type":"Point","coordinates":[108.58991700000001,34.04358300000001]},"properties":{"站长":"司文武","站名":"石井镇保护站","上级机构":"秦岭生态环境保护站","电话":"13720523188","级别":"二级"}},
{"type":"Feature","geometry":{"type":"Point","coordinates":[108.52105826849113,33.9645827886697]},"properties":{"站长":"刘孟昭","站名":"涝浴保护站","上级机构":"秦岭生态环境保护站","电话":"15339289988","级别":"二级"}},
{"type":"Feature","geometry":{"type":"Point","coordinates":[108.65724433970709,33.9271966973439]},"properties":{"站长":"陈蔚颖","站名":"太平保护站","上级机构":"秦岭生态环境保护站","电话":"18149423163","级别":"二级"}},
{"type":"Feature","geometry":{"type":"Point","coordinates":[108.56934799999999,34.106753000000026]},"properties":{"站长":"王莹君","站名":"玉蝉街办保护站","上级机构":"秦岭生态环境保护站","电话":"13992860880","级别":"二级"}}
]}