{"type":"FeatureCollection", "features": [
{"type":"Feature","geometry":{"type":"Point","coordinates":[108.52492600000005,33.946645000000046]},"properties":{"OBJECTID":1,"站长":"张佳","站名":"永联村保护站","上级机构":"涝浴保护站","电话":"15229885282","级别":"三级"}},
{"type":"Feature","geometry":{"type":"Point","coordinates":[108.51424400000008,33.93005300000004]},"properties":{"OBJECTID":2,"站长":"吕小红","站名":"沙窝村保护站","上级机构":"涝浴保护站","电话":"13468609088","级别":"三级"}},
{"type":"Feature","geometry":{"type":"Point","coordinates":[108.56672900000007,33.787342000000024]},"properties":{"OBJECTID":3,"站长":"何睿","站名":"八里坪村保护站","上级机构":"涝浴保护站","电话":"13572122639","级别":"三级"}},
{"type":"Feature","geometry":{"type":"Point","coordinates":[108.63236000000006,34.02206600000005]},"properties":{"OBJECTID":4,"站长":"仁超","站名":"蔡家坡保护站","上级机构":"石井镇保护站","电话":"13649289227","级别":"三级"}},
{"type":"Feature","geometry":{"type":"Point","coordinates":[108.51780000000008,34.04401100000007]},"properties":{"OBJECTID":5,"站长":"寇鑫","站名":"曹村保护站","上级机构":"蒋村镇保护站","电话":"13991275522","级别":"三级"}},
{"type":"Feature","geometry":{"type":"Point","coordinates":[108.52544000000006,34.03840900000006]},"properties":{"OBJECTID":6,"站长":"张育刚","站名":"富村窑村保护站","上级机构":"蒋村镇保护站","电话":"13991914797","级别":"三级"}},
{"type":"Feature","geometry":{"type":"Point","coordinates":[108.56674700000008,34.026351000000034]},"properties":{"OBJECTID":7,"站长":"王利军","站名":"栗峪口村保护站","上级机构":"石井镇保护站","电话":"13474510130","级别":"三级"}},
{"type":"Feature","geometry":{"type":"Point","coordinates":[108.60143200000005,34.02386500000006]},"properties":{"OBJECTID":8,"站长":"明双群","站名":"栗园坡保护站","上级机构":"石井镇保护站","电话":"13474510130","级别":"三级"}},
{"type":"Feature","geometry":{"type":"Point","coordinates":[108.52465300000006,34.05030300000004]},"properties":{"OBJECTID":9,"站长":"史文池","站名":"念庄村保护站","上级机构":"蒋村镇保护站","电话":"13991941808","级别":"三级"}},
{"type":"Feature","geometry":{"type":"Point","coordinates":[108.53869200000008,34.043225000000064]},"properties":{"OBJECTID":10,"站长":"周彪","站名":"上涧子村保护站","上级机构":"玉蝉街办保护站","电话":"13991999864","级别":"三级"}},
{"type":"Feature","geometry":{"type":"Point","coordinates":[108.61356900000004,34.03461000000004]},"properties":{"OBJECTID":11,"站长":"王保安","站名":"柿园村保护站","上级机构":"石井镇保护站","电话":"13891837448","级别":"三级"}},
{"type":"Feature","geometry":{"type":"Point","coordinates":[108.54246900000004,34.04579300000006]},"properties":{"OBJECTID":12,"站长":"金冬","站名":"水磨头村保护站","上级机构":"玉蝉街办保护站","电话":"13572052563","级别":"三级"}},
{"type":"Feature","geometry":{"type":"Point","coordinates":[108.53558300000009,34.02905300000003]},"properties":{"OBJECTID":13,"站长":"安福利","站名":"西涝峪口村保护站","上级机构":"玉蝉街办保护站","电话":"18700196119","级别":"三级"}},
{"type":"Feature","geometry":{"type":"Point","coordinates":[108.57106600000009,34.028680000000065]},"properties":{"OBJECTID":14,"站长":"刘建利","站名":"下庄村保护站","上级机构":"石井镇保护站","电话":"13991165285","级别":"三级"}},
{"type":"Feature","geometry":{"type":"Point","coordinates":[108.52219000000008,33.976987000000065]},"properties":{"OBJECTID":15,"站长":"齐健康","站名":"永兴村保护站","上级机构":"涝浴保护站","电话":"15829686094","级别":"三级"}},
{"type":"Feature","geometry":{"type":"Point","coordinates":[108.52211400000004,33.963922000000025]},"properties":{"OBJECTID":16,"站长":"周宏伟","站名":"纸坊村保护站","上级机构":"涝浴保护站","电话":"13892878013","级别":"三级"}},
{"type":"Feature","geometry":{"type":"Point","coordinates":[108.55860700000005,33.96040800000003]},"properties":{"OBJECTID":17,"站长":"夏细勤","站名":"郭清村保护站","上级机构":"涝浴保护站","电话":"13571952871","级别":"三级"}},
{"type":"Feature","geometry":{"type":"Point","coordinates":[108.48211400000008,34.07981600000005]},"properties":{"OBJECTID":18,"站长":"李希权","站名":"东寨村保护站","上级机构":"蒋村镇保护站","电话":"13572817236","级别":"三级"}},
{"type":"Feature","geometry":{"type":"Point","coordinates":[108.48849400000006,34.048261000000025]},"properties":{"OBJECTID":19,"站长":"张玄叶","站名":"白龙沟村保护站","上级机构":"蒋村镇保护站","电话":"15332341384","级别":"三级"}},
{"type":"Feature","geometry":{"type":"Point","coordinates":[108.49743900000004,34.038099000000045]},"properties":{"OBJECTID":20,"站长":"邓护林","站名":"甘峪口村保护站","上级机构":"蒋村镇保护站","电话":"18049459664","级别":"三级"}},
{"type":"Feature","geometry":{"type":"Point","coordinates":[108.47222700000009,34.05815300000006]},"properties":{"OBJECTID":21,"站长":"王少军","站名":"柳泉口村保护站","上级机构":"蒋村镇保护站","电话":"13572267054","级别":"三级"}},
{"type":"Feature","geometry":{"type":"Point","coordinates":[108.48428100000007,34.06154200000003]},"properties":{"OBJECTID":22,"站长":"温来宏","站名":"同兴村保护站","上级机构":"蒋村镇保护站","电话":"13759933328","级别":"三级"}},
{"type":"Feature","geometry":{"type":"Point","coordinates":[108.46424200000007,34.070808000000056]},"properties":{"OBJECTID":23,"站长":"付关羽","站名":"王过村保护站","上级机构":"蒋村镇保护站","电话":"18710420862","级别":"三级"}},
{"type":"Feature","geometry":{"type":"Point","coordinates":[108.49981800000006,34.05314800000008]},"properties":{"OBJECTID":24,"站长":"杨宝谋","站名":"郝家寨村保护站","上级机构":"蒋村镇保护站","电话":"13709124489","级别":"三级"}},
{"type":"Feature","geometry":{"type":"Point","coordinates":[108.46711600000003,33.856033000000025]},"properties":{"OBJECTID":25,"站长":"宁奎","站名":"西河村保护站","上级机构":"涝浴保护站","电话":"13609255053","级别":"三级"}},
{"type":"Feature","geometry":{"type":"Point","coordinates":[108.56785839900004,34.036015184000064]},"properties":{"OBJECTID":26,"站长":"杨福利","站名":"教场村保护站","上级机构":"涝浴保护站","电话":"13992860601","级别":"三级"}},
{"type":"Feature","geometry":{"type":"Point","coordinates":[108.54573421900005,34.03654422400007]},"properties":{"OBJECTID":27,"站长":"张权宜","站名":"天桥村保护站","上级机构":"玉蝉街办保护站","电话":"18700921328","级别":"三级"}},
{"type":"Feature","geometry":{"type":"Point","coordinates":[108.48987264900006,34.02738638100004]},"properties":{"OBJECTID":28,"站长":"刘周平","站名":"甘浴保护站","上级机构":"蒋村镇保护站","电话":"13679164568","级别":"三级"}},
{"type":"Feature","geometry":{"type":"Point","coordinates":[108.63606393600008,34.011431636000054]},"properties":{"OBJECTID":29,"站长":"张宏哲","站名":"曲峪保护站","上级机构":"石井镇保护站","电话":"13991212399","级别":"三级"}},
{"type":"Feature","geometry":{"type":"Point","coordinates":[108.53389244100003,34.01792224500008]},"properties":{"OBJECTID":30,"站长":"杨会谋","站名":"潭庙保护站","上级机构":"玉蝉街办保护站","电话":"13772038929","级别":"三级"}},
{"type":"Feature","geometry":{"type":"Point","coordinates":[108.64969765800004,33.96872254800007]},"properties":{"OBJECTID":31,"站长":"任群明","站名":"沙坪保护站","上级机构":"涝浴保护站","电话":"13474666050","级别":"三级"}},
{"type":"Feature","geometry":{"type":"Point","coordinates":[108.52590430000004,34.05157733800007]},"properties":{"OBJECTID":32,"站长":"吴来娃","站名":"西河保护站","上级机构":"涝浴保护站","电话":"18092273498","级别":"三级"}},
{"type":"Feature","geometry":{"type":"Point","coordinates":[108.58901693900003,33.79862879900003]},"properties":{"OBJECTID":33,"站长":"赵苍虎","站名":"静峪保护站","上级机构":"涝浴保护站","电话":"13468723056","级别":"三级"}},
{"type":"Feature","geometry":{"type":"Point","coordinates":[108.52579211300008,33.951738255000066]},"properties":{"OBJECTID":34,"站长":"胡春萍","站名":"纸坊保护站","上级机构":"涝浴保护站","电话":"18702933069","级别":"三级"}},
{"type":"Feature","geometry":{"type":"Point","coordinates":[108.51566952900004,33.91171223900005]},"properties":{"OBJECTID":35,"站长":"陈跟娃","站名":"沙窝保护站","上级机构":"涝浴保护站","电话":"15934808396","级别":"三级"}},
{"type":"Feature","geometry":{"type":"Point","coordinates":[108.54240012200006,33.960786324000026]},"properties":{"OBJECTID":36,"站长":"陈登龙","站名":"郭清保护站","上级机构":"涝浴保护站","电话":"13891833265","级别":"三级"}},
{"type":"Feature","geometry":{"type":"Point","coordinates":[108.52790228900005,33.81646524900003]},"properties":{"OBJECTID":37,"站长":"邓邦武","站名":"八里坪保护站","上级机构":"涝浴保护站","电话":"18729972508","级别":"三级"}},
{"type":"Feature","geometry":{"type":"Point","coordinates":[108.73460855600007,33.88644395700004]},"properties":{"OBJECTID":38,"站长":"巩亚军","站名":"邢家岭保护站","上级机构":"太平保护站","电话":"13402978658","级别":"三级"}},
{"type":"Feature","geometry":{"type":"Point","coordinates":[108.67958011200005,34.00400518300006]},"properties":{"OBJECTID":39,"站长":"张房房","站名":"黄柏峪保护站","上级机构":"太平保护站","电话":"13630256949","级别":"三级"}},
{"type":"Feature","geometry":{"type":"Point","coordinates":[108.76072031400008,33.98203121300003]},"properties":{"OBJECTID":40,"站长":"刘小波","站名":"高冠峪保护站","上级机构":"太平保护站","电话":"18092940353","级别":"三级"}},
{"type":"Feature","geometry":{"type":"Point","coordinates":[108.71394109600004,33.997498998000026]},"properties":{"OBJECTID":41,"站长":"袁银娥","站名":"太平口村保护站","上级机构":"太平保护站","电话":"17792720713","级别":"三级"}},
{"type":"Feature","geometry":{"type":"Point","coordinates":[108.71101414800006,33.99838884300004]},"properties":{"OBJECTID":42,"站长":"丁永华","站名":"太平口保护站","上级机构":"太平保护站","电话":"13384954347","级别":"三级"}},
{"type":"Feature","geometry":{"type":"Point","coordinates":[108.65760146300005,33.92745550700005]},"properties":{"OBJECTID":43,"站长":"陈卫军","站名":"煤场村保护站","上级机构":"太平保护站","电话":"13991279044","级别":"三级"}},
{"type":"Feature","geometry":{"type":"Point","coordinates":[108.66300628900007,33.920948192000026]},"properties":{"OBJECTID":44,"站长":"罗运涛","站名":"煤场保护站","上级机构":"太平保护站","电话":"18192267852","级别":"三级"}},
{"type":"Feature","geometry":{"type":"Point","coordinates":[108.67244219500009,33.96068482100003]},"properties":{"OBJECTID":45,"站长":"严汉军","站名":"管坪村保护站","上级机构":"太平保护站","电话":"13720423185","级别":"三级"}},
{"type":"Feature","geometry":{"type":"Point","coordinates":[108.66346392600008,33.95669573300006]},"properties":{"OBJECTID":46,"站长":"丁昌利","站名":"管坪保护站","上级机构":"太平保护站","电话":"1899120090","级别":"三级"}},
{"type":"Feature","geometry":{"type":"Point","coordinates":[108.69596794100005,33.977781941000046]},"properties":{"OBJECTID":47,"站长":"冉拥军","站名":"家佛堂村保护站","上级机构":"太平保护站","电话":"13571902786","级别":"三级"}},
{"type":"Feature","geometry":{"type":"Point","coordinates":[108.73372715700003,33.983248831000026]},"properties":{"OBJECTID":48,"站长":"杨荣霞","站名":"紫阁峪村保护站","上级机构":"太平保护站","电话":"13772198733","级别":"三级"}},
{"type":"Feature","geometry":{"type":"Point","coordinates":[108.64887743300005,33.90835326200005]},"properties":{"OBJECTID":49,"站长":"赵荣军","站名":"东西山保护站","上级机构":"太平保护站","电话":"15389007754","级别":"三级"}},
{"type":"Feature","geometry":{"type":"Point","coordinates":[108.59516779200004,33.841382906000035]},"properties":{"OBJECTID":50,"站长":"刘超杰","站名":"中山保护站","上级机构":"太平保护站","电话":"13991875750","级别":"三级"}}
]}